config,loss_mean,loss_std,loss_lower,loss_upper,wcr_mean,wcr_std,wcr_lower,wcr_upper
Full LexUR,0.4529696205026814,0.018526637467967715,0.4460490125193529,0.45926297996977594,0.6975840359452407,0.014449163086477059,0.6924508742960385,0.7027867704173346
No clustering,0.4529696205026814,0.018526637467967715,0.4461305199899392,0.4597923543600686,0.6975840359452407,0.014449163086477059,0.6923935516962187,0.7029907003355035
No singletons,0.4756450776156962,0.035647999870237645,0.46384733641187315,0.4883198087667018,0.7776397562739785,0.026500443433564183,0.7679761764466899,0.7865891055377763
Mean only,0.4529696205026814,0.018526637467967715,0.4462188732814543,0.4596498791355875,0.6975840359452407,0.014449163086477059,0.6919959672506515,0.7028547499310378
Max only,0.4267919554126959,0.018912878581292505,0.4201719813258438,0.4335720619545214,0.9569506611380063,0.0446450723861799,0.9403420857112349,0.9720957389500193
