{
  "stats": {
    "mean_loss": {
      "friedman_stat": 1386.144584586901,
      "friedman_p": 3.8411843291796345e-295,
      "n_datasets": 480,
      "cd": 0.4792431793985179,
      "avg_ranks": {
        "TOPSIS": 3.1822916666666665,
        "CP": 2.529166666666667,
        "Knee": 5.380208333333333,
        "RW": 6.43125,
        "ASF": 3.784375,
        "SMAA": 6.354166666666667,
        "MMR": 3.6395833333333334,
        "LUR": 4.698958333333334
      },
      "wilcoxon_vs_LUR": {
        "CP": {
          "p_raw": 7.600381881794821e-60,
          "p_holm": 5.320267317256374e-59,
          "cliffs_delta": -0.136484375
        },
        "RW": {
          "p_raw": 1.2519406922869867e-53,
          "p_holm": 7.51164415372192e-53,
          "cliffs_delta": 0.6806336805555555
        },
        "SMAA": {
          "p_raw": 2.4079247033990447e-51,
          "p_holm": 1.2039623516995223e-50,
          "cliffs_delta": 0.6941449652777778
        },
        "Knee": {
          "p_raw": 3.0026523294931462e-33,
          "p_holm": 1.2010609317972585e-32,
          "cliffs_delta": 0.18694010416666668
        },
        "MMR": {
          "p_raw": 7.30276465504938e-29,
          "p_holm": 2.190829396514814e-28,
          "cliffs_delta": -0.07012586805555555
        },
        "TOPSIS": {
          "p_raw": 9.912397165516918e-29,
          "p_holm": 1.9824794331033837e-28,
          "cliffs_delta": -0.0950217013888889
        },
        "ASF": {
          "p_raw": 3.3810372833076805e-22,
          "p_holm": 3.3810372833076805e-22,
          "cliffs_delta": -0.05069878472222222
        }
      }
    },
    "tail_loss": {
      "friedman_stat": 1861.428141633882,
      "friedman_p": 0.0,
      "n_datasets": 480,
      "cd": 0.4792431793985179,
      "avg_ranks": {
        "TOPSIS": 4.238541666666666,
        "CP": 3.4208333333333334,
        "Knee": 5.230208333333334,
        "RW": 6.9,
        "ASF": 2.9385416666666666,
        "SMAA": 6.979166666666667,
        "MMR": 2.8520833333333333,
        "LUR": 3.440625
      },
      "wilcoxon_vs_LUR": {
        "SMAA": {
          "p_raw": 5.745748919474112e-79,
          "p_holm": 4.0220242436318786e-78,
          "cliffs_delta": 0.8729644097222222
        },
        "RW": {
          "p_raw": 8.594727215710993e-79,
          "p_holm": 5.156836329426595e-78,
          "cliffs_delta": 0.8502864583333334
        },
        "Knee": {
          "p_raw": 9.928839859199295e-61,
          "p_holm": 4.9644199295996473e-60,
          "cliffs_delta": 0.28463975694444443
        },
        "TOPSIS": {
          "p_raw": 3.708204620940621e-21,
          "p_holm": 1.4832818483762483e-20,
          "cliffs_delta": 0.08654947916666667
        },
        "MMR": {
          "p_raw": 2.2888999981178295e-17,
          "p_holm": 6.866699994353489e-17,
          "cliffs_delta": -0.03375434027777778
        },
        "ASF": {
          "p_raw": 4.8316036455692073e-17,
          "p_holm": 9.663207291138415e-17,
          "cliffs_delta": -0.028311631944444443
        },
        "CP": {
          "p_raw": 6.469921855632779e-05,
          "p_holm": 6.469921855632779e-05,
          "cliffs_delta": 0.02933159722222222
        }
      }
    }
  },
  "redundancy": [
    {
      "method": "TOPSIS",
      "grouped_loss": 0.33214377909464105,
      "grouped_std": 0.17700117014299666,
      "tail_loss": 0.4547855695204694
    },
    {
      "method": "CP",
      "grouped_loss": 0.31656649237018014,
      "grouped_std": 0.17471376771524194,
      "tail_loss": 0.4227359460069621
    },
    {
      "method": "Knee",
      "grouped_loss": 0.3216838507975813,
      "grouped_std": 0.1707040286502011,
      "tail_loss": 0.48948801263409486
    },
    {
      "method": "RW",
      "grouped_loss": 0.4085804556113401,
      "grouped_std": 0.12181233913587194,
      "tail_loss": 0.5981302071672538
    },
    {
      "method": "ASF",
      "grouped_loss": 0.26571922509184254,
      "grouped_std": 0.17137585379039966,
      "tail_loss": 0.40605586600773885
    },
    {
      "method": "SMAA",
      "grouped_loss": 0.41289568473470856,
      "grouped_std": 0.11653186349024001,
      "tail_loss": 0.6030684200717596
    },
    {
      "method": "MMR",
      "grouped_loss": 0.29522615471106056,
      "grouped_std": 0.17309314914067306,
      "tail_loss": 0.386576862292545
    },
    {
      "method": "LUR",
      "grouped_loss": 0.2683986504528759,
      "grouped_std": 0.1742206012696831,
      "tail_loss": 0.39051842426758426
    }
  ],
  "redundancy_stats": {
    "friedman_stat": 673.4775668345612,
    "friedman_p": 3.598220661768143e-141,
    "n_datasets": 360,
    "cd": 0.5533823572660528,
    "avg_ranks": {
      "TOPSIS": 4.845833333333333,
      "CP": 4.448611111111111,
      "Knee": 4.565277777777778,
      "RW": 5.9527777777777775,
      "ASF": 2.8194444444444446,
      "SMAA": 6.052777777777778,
      "MMR": 4.2444444444444445,
      "LUR": 3.0708333333333333
    },
    "wilcoxon_vs_LUR": {
      "SMAA": {
        "p_raw": 2.532721095761996e-43,
        "p_holm": 1.772904767033397e-42,
        "cliffs_delta": 0.45567901234567904
      },
      "RW": {
        "p_raw": 7.07425612733734e-42,
        "p_holm": 4.2445536764024046e-41,
        "cliffs_delta": 0.4386805555555556
      },
      "TOPSIS": {
        "p_raw": 1.5458552467012686e-29,
        "p_holm": 7.729276233506344e-29,
        "cliffs_delta": 0.20271604938271606
      },
      "Knee": {
        "p_raw": 3.5537541453613556e-29,
        "p_holm": 1.4215016581445423e-28,
        "cliffs_delta": 0.17983796296296295
      },
      "CP": {
        "p_raw": 8.449945397136368e-24,
        "p_holm": 2.5349836191409104e-23,
        "cliffs_delta": 0.15458333333333332
      },
      "MMR": {
        "p_raw": 6.600948237637975e-21,
        "p_holm": 1.320189647527595e-20,
        "cliffs_delta": 0.1195679012345679
      },
      "ASF": {
        "p_raw": 1.5295765465843238e-06,
        "p_holm": 1.5295765465843238e-06,
        "cliffs_delta": -0.019760802469135804
      }
    }
  },
  "per_family": [
    {
      "method": "TOPSIS",
      "linear": 0.3911522424113889,
      "chebyshev": 0.5110978804483814,
      "aug_asf": 0.5109772282355525,
      "ces": 0.562583829697524,
      "choquet": 0.3411673201372402,
      "satisfice": 0.5108338268860585,
      "overall": 0.47130205463602426
    },
    {
      "method": "CP",
      "linear": 0.4859848678699154,
      "chebyshev": 0.4575159900078518,
      "aug_asf": 0.4575970526794116,
      "ces": 0.44016703973955296,
      "choquet": 0.3069381184356969,
      "satisfice": 0.27840473825229906,
      "overall": 0.4044346344974546
    },
    {
      "method": "Knee",
      "linear": 0.476746895505096,
      "chebyshev": 0.5032428307350711,
      "aug_asf": 0.5032606157074323,
      "ces": 0.5239171270533871,
      "choquet": 0.47934245878081494,
      "satisfice": 0.5699392431237055,
      "overall": 0.5094081951509178
    },
    {
      "method": "RW",
      "linear": 0.4033082119896363,
      "chebyshev": 0.5186483770069434,
      "aug_asf": 0.5185328058098517,
      "ces": 0.5690410654192471,
      "choquet": 0.3786734153345794,
      "satisfice": 0.552294618437077,
      "overall": 0.49008308233288916
    },
    {
      "method": "ASF",
      "linear": 0.6744203996117689,
      "chebyshev": 0.433701573055682,
      "aug_asf": 0.43410103527056765,
      "ces": 0.3286614070910509,
      "choquet": 0.2881200452676346,
      "satisfice": 0.3884394796339352,
      "overall": 0.4245739899884399
    },
    {
      "method": "SMAA",
      "linear": 0.3981225626163259,
      "chebyshev": 0.5208893844614223,
      "aug_asf": 0.5207668910747183,
      "ces": 0.5748559388945811,
      "choquet": 0.36708584902406916,
      "satisfice": 0.5457816047235552,
      "overall": 0.48791703846577866
    },
    {
      "method": "MMR",
      "linear": 0.6532868007545453,
      "chebyshev": 0.442367858659282,
      "aug_asf": 0.442724462451119,
      "ces": 0.3479303642077568,