{
  "friedman_stat": 673.4775668345612,
  "friedman_p": 3.598220661768143e-141,
  "n_datasets": 360,
  "cd": 0.5533823572660528,
  "avg_ranks": {
    "TOPSIS": 4.845833333333333,
    "CP": 4.448611111111111,
    "Knee": 4.565277777777778,
    "RW": 5.9527777777777775,
    "ASF": 2.8194444444444446,
    "SMAA": 6.052777777777778,
    "MMR": 4.2444444444444445,
    "LUR": 3.0708333333333333
  },
  "wilcoxon_vs_LUR": {
    "SMAA": {
      "p_raw": 2.532721095761996e-43,
      "p_holm": 1.772904767033397e-42,
      "cliffs_delta": 0.45567901234567904
    },
    "RW": {
      "p_raw": 7.07425612733734e-42,
      "p_holm": 4.2445536764024046e-41,
      "cliffs_delta": 0.4386805555555556
    },
    "TOPSIS": {
      "p_raw": 1.5458552467012686e-29,
      "p_holm": 7.729276233506344e-29,
      "cliffs_delta": 0.20271604938271606
    },
    "Knee": {
      "p_raw": 3.5537541453613556e-29,
      "p_holm": 1.4215016581445423e-28,
      "cliffs_delta": 0.17983796296296295
    },
    "CP": {
      "p_raw": 8.449945397136368e-24,
      "p_holm": 2.5349836191409104e-23,
      "cliffs_delta": 0.15458333333333332
    },
    "MMR": {
      "p_raw": 6.600948237637975e-21,
      "p_holm": 1.320189647527595e-20,
      "cliffs_delta": 0.1195679012345679
    },
    "ASF": {
      "p_raw": 1.5295765465843238e-06,
      "p_holm": 1.5295765465843238e-06,
      "cliffs_delta": -0.019760802469135804
    }
  }
}