{
  "friedman_stat": 673.235874158711,
  "friedman_p": 4.056786375740701e-141,
  "n_datasets": 360,
  "cd": 0.5533823572660528,
  "avg_ranks": {
    "TOPSIS": 4.863888888888889,
    "CP": 4.470833333333333,
    "Knee": 4.45,
    "RW": 5.956944444444445,
    "ASF": 2.8361111111111112,
    "SMAA": 6.059722222222222,
    "MMR": 4.2652777777777775,
    "LexUR": 3.0972222222222223
  },
  "wilcoxon_vs_LexUR": {
    "TOPSIS": {
      "p_raw": 1.5458552467012692e-29,
      "p_holm": 7.729276233506346e-29,
      "cliffs_delta": 0.20271604938271606
    },
    "CP": {
      "p_raw": 8.449945397136368e-24,
      "p_holm": 2.5349836191409104e-23,
      "cliffs_delta": 0.15458333333333332
    },
    "Knee": {
      "p_raw": 1.3731886651271984e-25,
      "p_holm": 5.492754660508794e-25,
      "cliffs_delta": 0.1597067901234568
    },
    "RW": {
      "p_raw": 7.07425612733734e-42,
      "p_holm": 4.2445536764024046e-41,
      "cliffs_delta": 0.4386805555555556
    },
    "ASF": {
      "p_raw": 1.5295765465843231e-06,
      "p_holm": 1.5295765465843231e-06,
      "cliffs_delta": -0.019760802469135804
    },
    "SMAA": {
      "p_raw": 2.532721095761996e-43,
      "p_holm": 1.772904767033397e-42,
      "cliffs_delta": 0.45567901234567904
    },
    "MMR": {
      "p_raw": 6.6009482376379734e-21,
      "p_holm": 1.3201896475275947e-20,
      "cliffs_delta": 0.1195679012345679
    }
  }
}