method,grouped_loss,grouped_std,tail_loss
TOPSIS,0.33214377909464105,0.17700117014299666,0.4547855695204694
CP,0.31656649237018014,0.17471376771524194,0.4227359460069621
Knee,0.3216838507975813,0.1707040286502011,0.48948801263409486
RW,0.4085804556113401,0.12181233913587194,0.5981302071672538
ASF,0.26571922509184254,0.17137585379039966,0.40605586600773885
SMAA,0.41289568473470856,0.11653186349024001,0.6030684200717596
MMR,0.29522615471106056,0.17309314914067306,0.386576862292545
LUR,0.2683986504528759,0.1742206012696831,0.39051842426758426
