theta,linear,concave,convex,disconnected
0.3,0.19432725845901586,0.45816859057908454,0.03528549011206609,0.352597589281485
0.4,0.18165404722647732,0.45130248736844675,0.03352427922213552,0.33776748546986096
0.5,0.18338403985957769,0.45954825907648195,0.03776996766685907,0.3658414159256173
0.6,0.18138909911719486,0.45533164404874815,0.03554025626901247,0.3506769140678733
0.7,0.1893955144128406,0.47107994257331903,0.03470189665572631,0.3473661995663775
0.8,0.17604724981595707,0.4499921139678181,0.03399506463844442,0.36283510473942276
0.9,0.17972361788965507,0.4395688502721801,0.03619285454567307,0.3464817612656782
