{
  "mean_loss": {
    "friedman_stat": 1386.144584586901,
    "friedman_p": 3.8411843291796345e-295,
    "n_datasets": 480,
    "cd": 0.4792431793985179,
    "avg_ranks": {
      "TOPSIS": 3.1822916666666665,
      "CP": 2.529166666666667,
      "Knee": 5.380208333333333,
      "RW": 6.43125,
      "ASF": 3.784375,
      "SMAA": 6.354166666666667,
      "MMR": 3.6395833333333334,
      "LexUR": 4.698958333333334
    },
    "wilcoxon_vs_LexUR": {
      "CP": {
        "p_raw": 7.600381881794821e-60,
        "p_holm": 5.320267317256374e-59,
        "cliffs_delta": -0.136484375
      },
      "RW": {
        "p_raw": 1.2519406922869867e-53,
        "p_holm": 7.51164415372192e-53,
        "cliffs_delta": 0.6806336805555555
      },
      "SMAA": {
        "p_raw": 2.4079247033990447e-51,
        "p_holm": 1.2039623516995223e-50,
        "cliffs_delta": 0.6941449652777778
      },
      "Knee": {
        "p_raw": 3.0026523294931462e-33,
        "p_holm": 1.2010609317972585e-32,
        "cliffs_delta": 0.18694010416666668
      },
      "MMR": {
        "p_raw": 7.30276465504938e-29,
        "p_holm": 2.190829396514814e-28,
        "cliffs_delta": -0.07012586805555555
      },
      "TOPSIS": {
        "p_raw": 9.912397165516918e-29,
        "p_holm": 1.9824794331033837e-28,
        "cliffs_delta": -0.0950217013888889
      },
      "ASF": {
        "p_raw": 3.3810372833076805e-22,
        "p_holm": 3.3810372833076805e-22,
        "cliffs_delta": -0.05069878472222222
      }
    }
  },
  "tail_loss": {
    "friedman_stat": 1861.428141633882,
    "friedman_p": 0.0,
    "n_datasets": 480,
    "cd": 0.4792431793985179,
    "avg_ranks": {
      "TOPSIS": 4.238541666666666,
      "CP": 3.4208333333333334,
      "Knee": 5.230208333333334,
      "RW": 6.9,
      "ASF": 2.9385416666666666,
      "SMAA": 6.979166666666667,
      "MMR": 2.8520833333333333,
      "LexUR": 3.440625
    },
    "wilcoxon_vs_LexUR": {
      "SMAA": {
        "p_raw": 5.745748919474112e-79,
        "p_holm": 4.0220242436318786e-78,
        "cliffs_delta": 0.8729644097222222
      },
      "RW": {
        "p_raw": 8.594727215710993e-79,
        "p_holm": 5.156836329426595e-78,
        "cliffs_delta": 0.8502864583333334
      },
      "Knee": {
        "p_raw": 9.928839859199295e-61,
        "p_holm": 4.9644199295996473e-60,
        "cliffs_delta": 0.28463975694444443
      },
      "TOPSIS": {
        "p_raw": 3.708204620940621e-21,
        "p_holm": 1.4832818483762483e-20,
        "cliffs_delta": 0.08654947916666667
      },
      "MMR": {
        "p_raw": 2.2888999981178295e-17,
        "p_holm": 6.866699994353489e-17,
        "cliffs_delta": -0.03375434027777778
      },
      "ASF": {
        "p_raw": 4.8316036455692073e-17,
        "p_holm": 9.663207291138415e-17,
        "cliffs_delta": -0.028311631944444443
      },
      "CP": {
        "p_raw": 6.469921855632779e-05,
        "p_holm": 6.469921855632779e-05,
        "cliffs_delta": 0.02933159722222222
      }
    }
  }
}