n_obs,recovery
1,0.04
2,0.10666666666666669
5,0.36000000000000004
10,0.5533333333333332
20,0.64
50,0.6866666666666668
100,0.7866666666666668
