method,wcr_mean,wcr_std,ru_mean
TOPSIS,0.9740247794550886,0.043894827032728144,0.362890085317539
CP,0.9359672504026266,0.08852648651511219,0.2752943247419841
Knee,0.9017987302989469,0.06237789473639128,0.28989578155385654
RW,0.9496873957828857,0.0659310619017315,0.360046956458085
ASF,0.9530123887568183,0.038760846062126916,0.22740626039577308
SMAA,0.9539780041910159,0.05913382941004414,0.36180213830278884
MMR,0.9209418205471297,0.05572861707379917,0.20730966928679215
LUR,0.7080469168597656,0.01879260505173032,0.2188183675580047
