{
  "n_instances": 400,
  "friedman": [
    1827.0850036299348,
    0.0
  ],
  "cd": 0.7549224165435809,
  "avg_ranks": {
    "TOPSIS": 6.88125,
    "CP": 4.73375,
    "VIKOR": 5.5325,
    "Knee": 7.7575,
    "HV": 5.00125,
    "RW": 9.155,
    "ASF": 4.25125,
    "SMAA": 9.13375,
    "MMR": 4.33125,
    "ChebMMR": 4.51625,
    "LUR": 4.70625
  },
  "wilcoxon_vs_LUR": {
    "RW": {
      "p_raw": 1.0688370720042225e-56,
      "p_holm": 1.0688370720042224e-55,
      "delta": 0.53314375
    },
    "SMAA": {
      "p_raw": 1.3178031105370573e-56,
      "p_holm": 1.1860227994833515e-55,
      "delta": 0.5538
    },
    "Knee": {
      "p_raw": 6.441501080024134e-48,
      "p_holm": 5.153200864019308e-47,
      "delta": 0.239275
    },
    "TOPSIS": {
      "p_raw": 5.940236441193433e-31,
      "p_holm": 4.158165508835403e-30,
      "delta": 0.1126375
    },
    "VIKOR": {
      "p_raw": 3.5170899115810154e-13,
      "p_holm": 2.110253946948609e-12,
      "delta": 0.05036875
    },
    "MMR": {
      "p_raw": 1.4830881001388635e-06,
      "p_holm": 7.415440500694317e-06,
      "delta": -0.03253125
    },
    "ASF": {
      "p_raw": 2.58104711367869e-06,
      "p_holm": 1.032418845471476e-05,
      "delta": -0.03135
    },
    "ChebMMR": {
      "p_raw": 0.00035359563814315996,
      "p_holm": 0.0010607869144294798,
      "delta": -0.027475
    },
    "HV": {
      "p_raw": 0.30617636463384335,
      "p_holm": 0.6123527292676867,
      "delta": 0.0055125
    },
    "CP": {
      "p_raw": 0.6728887646159435,
      "p_holm": 0.6728887646159435,
      "delta": -0.001925
    }
  },
  "noninferiority": {
    "ASF": {
      "control": "ASF",
      "mean_diff": 0.0118,
      "ci95": [
        0.0071,
        0.0168
      ],
      "wilcoxon_p": 2.58104711367869e-06,
      "delta": 0.031,
      "margin_abs": 0.01,
      "margin_rel2pct": 0.0094,
      "noninferior_abs": false,
      "noninferior": false
    },
    "MMR": {
      "control": "MMR",
      "mean_diff": 0.0122,
      "ci95": [
        0.0076,
        0.0171
      ],
      "wilcoxon_p": 1.4830881001388635e-06,
      "delta": 0.033,
      "margin_abs": 0.01,
      "margin_rel2pct": 0.0094,
      "noninferior_abs": false,
      "noninferior": false
    }
  }
}