{
  "n_instances": 8,
  "friedman": [
    60.06929283341248,
    9.001371178721874e-09
  ],
  "cd": 5.891470784108158,
  "avg_ranks": {
    "TOPSIS": 7.5,
    "CP": 5.875,
    "VIKOR": 7.625,
    "Knee": 10.125,
    "HV": 5.3125,
    "DistIdeal": 5.875,
    "RW": 10.5625,
    "ASF": 2.375,
    "SMAA": 10.6875,
    "MMR": 3.1875,
    "ChebMMR": 3.5,
    "LexUR": 5.375
  },
  "wilcoxon_vs_LexUR": {
    "Knee": {
      "p_raw": 0.0078125,
      "p_holm": 0.0859375,
      "delta": 0.75
    },
    "RW": {
      "p_raw": 0.0078125,
      "p_holm": 0.078125,
      "delta": 0.96875
    },
    "SMAA": {
      "p_raw": 0.0078125,
      "p_holm": 0.0703125,
      "delta": 0.96875
    },
    "ASF": {
      "p_raw": 0.0234375,
      "p_holm": 0.1875,
      "delta": -0.21875
    },
    "MMR": {
      "p_raw": 0.0234375,
      "p_holm": 0.1640625,
      "delta": -0.21875
    },
    "ChebMMR": {
      "p_raw": 0.0234375,
      "p_holm": 0.140625,
      "delta": -0.21875
    },
    "TOPSIS": {
      "p_raw": 0.09096894797535773,
      "p_holm": 0.45484473987678864,
      "delta": 0.171875
    },
    "VIKOR": {
      "p_raw": 0.17629637444051116,
      "p_holm": 0.7051854977620446,
      "delta": 0.171875
    },
    "CP": {
      "p_raw": 0.3104944343172349,
      "p_holm": 0.9314833029517047,
      "delta": 0.140625
    },
    "DistIdeal": {
      "p_raw": 0.3104944343172349,
      "p_holm": 0.6209888686344698,
      "delta": 0.140625
    },
    "HV": {
      "p_raw": 0.463071015014588,
      "p_holm": 0.463071015014588,
      "delta": 0.03125
    }
  },
  "noninferiority": {
    "ASF": {
      "control": "ASF",
      "mean_diff": 0.0492,
      "ci95": [
        0.0251,
        0.0744
      ],
      "wilcoxon_p": 0.0234375,
      "delta": 0.219,
      "margin_abs": 0.01,
      "margin_rel2pct": 0.0118,
      "noninferior_abs": false,
      "noninferior": false
    },
    "MMR": {
      "control": "MMR",
      "mean_diff": 0.0445,
      "ci95": [
        0.022,
        0.0683
      ],
      "wilcoxon_p": 0.0234375,
      "delta": 0.219,
      "margin_abs": 0.01,
      "margin_rel2pct": 0.0118,
      "noninferior_abs": false,
      "noninferior": false
    }
  }
}