{
  "n_instances": 7200,
  "friedman": [
    26836.980015861038,
    0.0
  ],
  "cd": 0.1779369200025672,
  "avg_ranks": {
    "TOPSIS": 6.827361111111111,
    "CP": 5.268958333333333,
    "VIKOR": 4.699652777777778,
    "Knee": 7.314930555555556,
    "HV": 4.334930555555555,
    "RW": 9.224097222222222,
    "ASF": 4.771736111111111,
    "SMAA": 9.240833333333333,
    "MMR": 4.637847222222222,
    "ChebMMR": 5.025486111111111,
    "LUR": 4.654166666666667
  },
  "wilcoxon_vs_LUR": {
    "TOPSIS": {
      "p_raw": 0.0,
      "p_holm": 0.0,
      "delta": 0.17239122299382717
    },
    "Knee": {
      "p_raw": 0.0,
      "p_holm": 0.0,
      "delta": 0.26403273533950616
    },
    "RW": {
      "p_raw": 0.0,
      "p_holm": 0.0,
      "delta": 0.5951318287037037
    },
    "SMAA": {
      "p_raw": 0.0,
      "p_holm": 0.0,
      "delta": 0.6093375192901235
    },
    "CP": {
      "p_raw": 5.189679550121616e-108,
      "p_holm": 3.11380773007297e-107,
      "delta": 0.06783287037037038
    },
    "VIKOR": {
      "p_raw": 3.6604282335008966e-52,
      "p_holm": 1.8302141167504484e-51,
      "delta": 0.030824421296296298
    },
    "ChebMMR": {
      "p_raw": 1.1598127856007137e-15,
      "p_holm": 4.639251142402855e-15,
      "delta": 0.009987635030864198
    },
    "HV": {
      "p_raw": 1.3060315111358527e-08,
      "p_holm": 3.918094533407558e-08,
      "delta": -0.004463811728395062
    },
    "MMR": {
      "p_raw": 0.008272465932344621,
      "p_holm": 0.016544931864689243,
      "delta": -0.0028525270061728397
    },
    "ASF": {
      "p_raw": 0.06602678600199235,
      "p_holm": 0.06602678600199235,
      "delta": -0.008283391203703704
    }
  },
  "noninferiority": {
    "ASF": {
      "control": "ASF",
      "mean_diff": 0.0007,
      "ci95": [
        -0.0003,
        0.0015
      ],
      "wilcoxon_p": 0.06602678600199235,
      "delta": 0.008,
      "margin_abs": 0.01,
      "margin_rel2pct": 0.0107,
      "noninferior_abs": true,
      "noninferior": true
    },
    "MMR": {
      "control": "MMR",
      "mean_diff": 0.0012,
      "ci95": [
        0.0002,
        0.0021
      ],
      "wilcoxon_p": 0.008272465932344621,
      "delta": 0.003,
      "margin_abs": 0.01,
      "margin_rel2pct": 0.0107,
      "noninferior_abs": true,
      "noninferior": true
    }
  }
}