{
  "linear": {
    "direct_calls": 19.0,
    "direct_points": 0.0,
    "enum_calls": 150.0,
    "enum_points": 24.9,
    "direct_time": 0.005355238914489746,
    "enum_time": 0.03515870571136474,
    "tail_direct": 0.4522494808159232,
    "tail_enum": 0.46969804515845637
  },
  "milp": {
    "available": true,
    "enum_solver_calls": 60,
    "enum_points": 10,
    "enum_time": 6.77,
    "direct_solver_calls": 4,
    "direct_time": 0.17,
    "chosen_enum": [
      35.64,
      72.1,
      10.14
    ],
    "chosen_direct": [
      35.64,
      72.1,
      10.14
    ]
  }
}