variant,tail_loss,agree_with_full
adaptive,0.8045852993374366,0.0
full,0.7949500892003795,1.0
singletons,0.7541305838191011,0.0
no_singletons,0.848916950059552,0.0
max_only,0.7541305838191011,0.0
cluster_only,0.848916950059552,0.0
random,0.8931306313263147,0.0
