variant,tail_loss,agree_with_full
adaptive,0.8043490812418995,0.0
full,0.7990379401839376,1.0
singletons,0.7544122900160616,0.0
no_singletons,0.8492147564547164,0.0
max_only,0.7544122900160616,0.0
cluster_only,0.8492147564547164,0.0
random,0.9044451456384967,0.0
