method,mean_loss,tail_loss,risk
det-LUR,0.17860599846154238,0.3833412623325933,0.0
LUR-a0.5,0.17860599846154238,0.3833412623325933,0.0
LUR-a0.8,0.17785900341633573,0.3836894889686518,0.0
LUR-a0.95,0.17625276784800606,0.3847193867774272,0.0
TOPSIS,0.1648378481169889,0.4433723346054713,0.06666666666666667
SMAA,0.5247744843967834,0.9742481171320256,0.6
